request_id,amount_safe_to_pay,affordability_status,recommended_payment_method,payment_plan,earliest_date_for_full_payment,spending_changes_needed,decision_explanation
request_26,15656000,affordable_now,full_payment,2025-08-03:15656000,2025-08-03,none,IDR 100845250 available; protect 24768300 minimum. Pay IDR 15656000 via full payment; finish 2025-08-03. Forecast low 59198088.96 through 2025-11-01. Evidence: message_18. Next supported income: 30780000 on 2025-08-15.
request_27,6670,affordable_now,full_payment,2026-07-05:6670,2026-07-05,none,ZAR 93141.80 available; protect 20500 minimum. Pay ZAR 6670 via full payment; finish 2026-07-05. Forecast low 30494.18 through 2026-10-03. Evidence: message_19.
request_28,327.58,affordable_later,wait,2024-08-15:1302.40,2024-08-15,none,EUR 1789.40 available; protect 1100 minimum. Pay EUR 1302.40 via wait; finish 2024-08-15. Forecast low 1427.58 through 2024-09-05. Evidence: message_20. Next supported income: 1452 on 2024-06-15.
request_29,1855.43,not_affordable,not_recommended,none,,none,ZAR 113540.10 available; protect 28300 minimum. Safe today: 1855.43. No accepted plan completes the request by 2025-11-23 while preserving the minimum for 90 days. Evidence: message_21.
request_30,282.04,not_affordable,not_recommended,none,,none,USD 3752.72 available; protect 900 minimum. Safe today: 282.04. No accepted plan completes the request by 2026-06-06 while preserving the minimum for 90 days.
request_31,2700039.54,affordable_later,wait,2024-11-15:18164000,2024-11-15,none,IDR 30429260 available; protect 16588900 minimum. Pay IDR 18164000 via wait; finish 2024-11-15. Forecast low 19288939.54 through 2024-12-02. Next supported income: 19972800 on 2024-09-15.
request_32,13339.36,affordable_with_plan,wait,2025-04-15:40018,,reduce_to:event_2929:1181.40,ZAR 69005.80 available; protect 35700 minimum. Pay ZAR 40018 via wait; finish 2025-04-15. Forecast low 39803.04 through 2025-05-06. Apply reduce_to:event_2929:1181.40. Evidence: message_22. Next supported income: 54120 on 2025-02-15.
request_33,36397.14,affordable_later,wait,2026-02-15:118000,2026-02-15,none,INR 167280 available; protect 102100 minimum. Pay INR 118000 via wait; finish 2026-02-15. Forecast low 108087.06 through 2026-04-07. Next supported income: 150000 on 2026-01-15.
request_34,129400,affordable_now,full_payment,2024-12-04:129400,2024-12-04,none,INR 559752.50 available; protect 138500 minimum. Pay INR 129400 via full payment; finish 2024-12-04. Forecast low 278004.61 through 2025-03-04. Evidence: message_24. Next supported income: 196000 on 2024-12-15.
request_35,23153.93,affordable_later,wait,2026-01-15:212000,2026-01-15,none,INR 231530 available; protect 106400 minimum. Pay INR 212000 via wait; finish 2026-01-15. Forecast low 129553.93 through 2026-01-28. Evidence: message_25. Next supported income: 162000 on 2025-11-15.
request_36,588.71,affordable_later,wait,2026-09-15:3954,2026-09-15,none,USD 3846.60 available; protect 2400 minimum. Pay USD 3954 via wait; finish 2026-09-15. Forecast low 2988.71 through 2026-10-01. Evidence: message_26. Next supported income: 2988 on 2026-07-15.
request_37,5242537.59,affordable_later,wait,2024-05-15:14649000,2024-05-15,none,IDR 29125000 available; protect 17056200 minimum. Pay IDR 14649000 via wait; finish 2024-05-15. Forecast low 21227859.67 through 2024-06-03. Evidence: message_27. Next supported income: 21090000 on 2024-03-15.
request_38,171.65,affordable_later,wait,2025-10-15:971.30,2025-10-15,none,EUR 779.40 available; protect 400 minimum. Pay EUR 971.30 via wait; finish 2025-10-15. Forecast low 571.65 through 2025-11-05. Evidence: message_28. Next supported income: 737 on 2025-08-15.
request_39,66865.66,affordable_later,wait,2026-05-15:208600,2026-05-15,none,INR 416505 available; protect 213400 minimum. Pay INR 208600 via wait; finish 2026-05-15. Forecast low 213795.06 through 2026-07-03. Next supported income: 253989.84 on 2026-04-15.
request_40,355.74,affordable_with_plan,wait,2024-08-15:1290.30,,reduce_to:event_3710:36.50,EUR 2394 available; protect 1500 minimum. Pay EUR 1290.30 via wait; finish 2024-08-15. Forecast low 1724.92 through 2024-09-04. Apply reduce_to:event_3710:36.50. Evidence: message_29. Next supported income: 1760 on 2024-06-15.
request_41,7644359.41,affordable_later,wait,2026-01-15:38760000,2026-01-15,none,IDR 50175850 available; protect 25366600 minimum. Pay IDR 38760000 via wait; finish 2026-01-15. Forecast low 33010959.41 through 2026-02-01. Next supported income: 42559991.04 on 2025-11-15.
request_42,25475.12,affordable_with_plan,wait,2026-03-15:52100,,reduce_to:event_3956:2695,INR 261765 available; protect 113100 minimum. Pay INR 52100 via wait; finish 2026-03-15. Forecast low 119819.13 through 2026-04-05. Apply reduce_to:event_3956:2695. Evidence: message_30. Next supported income: 91760 on 2026-01-15.
request_43,8273626.88,affordable_later,wait,2024-11-15:43339000,2024-11-15,none,IDR 36640750 available; protect 21398000 minimum. Pay IDR 43339000 via wait; finish 2024-11-15. Forecast low 29671626.88 through 2024-12-06. Evidence: message_31. Next supported income: 32870000 on 2024-09-15.
request_44,30429.04,affordable_with_plan,wait,2025-04-15:95800,,reduce_to:event_4113:2020,INR 162290 available; protect 82900 minimum. Pay INR 95800 via wait; finish 2025-04-15. Forecast low 97700.17 through 2025-05-05. Apply reduce_to:event_4113:2020. Evidence: message_32. Next supported income: 115000 on 2025-02-15.
request_45,3361778.45,affordable_later,wait,2026-09-15:21983000,2026-09-15,none,IDR 19982900 available; protect 11149800 minimum. Pay IDR 21983000 via wait; finish 2026-09-15. Forecast low 14511578.45 through 2026-10-04. Evidence: message_33. Next supported income: 17290000 on 2026-07-15.
request_46,39354.55,affordable_with_plan,partial_payment,2024-12-03:39354.55|2024-12-15:10095.45,2024-12-15,none,INR 202335 available; protect 84000 minimum. Pay INR 49450 via partial payment; finish 2024-12-15. Forecast low 84000 through 2025-03-03. Next supported income: 145000 on 2024-12-15.
request_47,1221224.85,not_affordable,not_recommended,none,,none,IDR 112924150 available; protect 30049000 minimum. Safe today: 1221224.85. No accepted plan completes the request by 2025-06-19 while preserving the minimum for 90 days. Evidence: message_34.
request_48,45700,affordable_now,full_payment,2026-07-25:45700,2026-07-25,none,INR 188065 available; protect 71300 minimum. Pay INR 45700 via full payment; finish 2026-07-25. Forecast low 87818.22 through 2026-10-23. Evidence: message_35. Next supported income: 81996.72 on 2026-08-15.
request_49,12655596.66,affordable_with_plan,installments,2024-03-18:11902106.67|2024-04-18:11902106.67|2024-05-19:11902106.67,2024-05-15,reduce_to:event_4569:368600,IDR 40504493.34 available; protect 20275700 minimum. Pay IDR 35706320.01 via installments; finish 2024-05-19. Forecast low 20955768.11 through 2024-06-02. Apply reduce_to:event_4569:368600. Evidence: message_36. Next supported income: 31464000 on 2024-03-15.
request_50,42646.87,affordable_with_plan,full_payment,2025-08-06:43900,2025-10-15,reduce_to:event_4680:1928,INR 247325.50 available; protect 99700 minimum. Pay INR 43900 via full payment; finish 2025-08-06. Forecast low 107554.36 through 2025-11-04. Apply reduce_to:event_4680:1928. Evidence: message_37. Next supported income: 78120 on 2025-08-15.
request_51,2191000,affordable_now,full_payment,2026-01-03:2191000,2026-01-03,none,IDR 35347700 available; protect 7811000 minimum. Pay IDR 2191000 via full payment; finish 2026-01-03. Forecast low 11129550.04 through 2026-04-03.
request_52,19241.76,affordable_later,wait,2024-06-15:28870,2024-06-15,none,INR 75320 available; protect 41500 minimum. Pay INR 28870 via wait; finish 2024-06-15. Forecast low 54946.66 through 2024-09-03. Evidence: message_38. Next supported income: 69000 on 2024-06-15.
request_53,464.04,affordable_with_plan,installments,2025-11-21:589.06|2025-12-19:589.06|2026-01-16:589.06,2026-01-15,reduce_to:event_4992:44.50,USD 3523.42 available; protect 2100 minimum. Pay USD 1767.18 via installments; finish 2026-01-16. Forecast low 2318.58 through 2026-02-05. Apply reduce_to:event_4992:44.50. Evidence: message_39. Next supported income: 2880 on 2025-11-15.
request_54,3765.48,not_affordable,not_recommended,none,,none,ZAR 53581.40 available; protect 37000 minimum. Safe today: 3765.48. No accepted plan completes the request by 2026-08-21 while preserving the minimum for 90 days. Evidence: message_40. Next supported income: 42460 on 2026-07-15.
request_55,114854.82,affordable_with_plan,installments,2026-06-11:75781.33|2026-07-12:75781.33|2026-08-12:75781.33,2026-08-15,reduce_to:event_5103:2536|stop:event_5101,"INR 314341.19 available; protect 124300 minimum. Pay INR 227343.99 via installments; finish 2026-08-12. Forecast low 129932.46 through 2026-09-06. Apply reduce_to:event_5103:2536, stop:event_5101. Next supported income: 216000 on 2026-06-15."
request_56,632.95,affordable_with_plan,partial_payment,2025-02-03:632.95|2025-02-15:248.61,2025-02-15,none,USD 3432.36 available; protect 2100 minimum. Pay USD 881.56 via partial payment; finish 2025-02-15. Forecast low 2100 through 2025-05-04. Next supported income: 2388 on 2025-02-15.
request_57,12819.59,affordable_later,wait,2026-06-15:61446,2026-06-15,none,ZAR 63914.60 available; protect 42700 minimum. Pay ZAR 61446 via wait; finish 2026-06-15. Forecast low 55519.59 through 2026-07-04. Next supported income: 50160 on 2026-04-15.
request_58,16226000,affordable_now,full_payment,2024-12-07:16226000,2024-12-07,none,IDR 42146065 available; protect 14433900 minimum. Pay IDR 16226000 via full payment; finish 2024-12-07. Forecast low 17611743.52 through 2025-03-07. Evidence: message_42. Next supported income: 16020800 on 2024-12-15.
request_59,132758.55,affordable_with_plan,installments,2025-05-07:48741.33|2025-06-04:48741.33|2025-07-02:48741.33,,reduce_to:event_5537:3930,INR 723245.99 available; protect 132600 minimum. Pay INR 146223.99 via installments; finish 2025-07-02. Forecast low 144532.59 through 2025-08-02. Apply reduce_to:event_5537:3930. Evidence: message_43.
request_60,136.86,affordable_later,wait,2026-01-15:199.89,2026-01-15,none,USD 683.69 available; protect 400 minimum. Pay USD 199.89 via wait; finish 2026-01-15. Forecast low 500.78 through 2026-04-06. Evidence: message_44. Next supported income: 530.40 on 2026-01-15.
request_61,29062,affordable_with_plan,installments,2024-03-17:10074.83|2024-04-17:10074.83|2024-05-18:10074.83,2024-03-03,none,ZAR 147470.23 available; protect 36700 minimum. Pay ZAR 30224.49 via installments; finish 2024-05-18. Forecast low 37549.13 through 2024-06-01. Evidence: message_45.
request_62,404.23,affordable_now,full_payment,2025-08-05:404.23,2025-08-05,none,USD 5151.44 available; protect 1300 minimum. Pay USD 404.23 via full payment; finish 2025-08-05. Forecast low 3444.17 through 2025-11-03. Evidence: message_46. Next supported income: 2112 on 2025-08-15.
request_63,44660.92,not_affordable,not_recommended,none,,none,INR 251795 available; protect 153500 minimum. Safe today: 44660.92. No accepted plan completes the request by 2026-09-17 while preserving the minimum for 90 days. Next supported income: 189992.40 on 2026-07-15.
request_64,0,not_affordable,not_recommended,none,,none,INR 98573.01 available; protect 36100 minimum. Safe today: 0. No accepted plan completes the request by 2024-08-16 while preserving the minimum for 90 days. Next supported income: 54997.80 on 2024-06-15.
request_65,5886.73,not_affordable,not_recommended,none,,none,ZAR 28524 available; protect 15500 minimum. Safe today: 5886.73. No accepted plan completes the request by 2025-11-25 while preserving the minimum for 90 days. Next supported income: 22220 on 2025-11-15.
request_66,22200,affordable_now,full_payment,2026-04-03:22200,2026-04-03,none,INR 302520 available; protect 80700 minimum. Pay INR 22200 via full payment; finish 2026-04-03. Forecast low 222254.85 through 2026-07-02. Evidence: message_49. Next supported income: 116000 on 2026-04-15.
request_67,300.78,affordable_later,wait,2024-11-15:2094,2024-11-15,none,USD 1992.54 available; protect 1200 minimum. Pay USD 2094 via wait; finish 2024-11-15. Forecast low 1500.78 through 2024-12-04. Next supported income: 2047.68 on 2024-09-15.
request_68,1333.62,affordable_with_plan,installments,2025-02-14:725.09|2025-03-14:725.09|2025-04-11:725.09,2025-03-23,reduce_to:event_6331:24.80,USD 3657.83 available; protect 1500 minimum. Pay USD 2175.27 via installments; finish 2025-04-11. Forecast low 1584.60 through 2025-05-08. Apply reduce_to:event_6331:24.80. Evidence: message_50. Next supported income: 2496 on 2025-02-23.
request_69,529.1,affordable_now,full_payment,2026-01-04:529.10,2026-01-04,none,EUR 1639.50 available; protect 700 minimum. Pay EUR 529.10 via full payment; finish 2026-01-04. Forecast low 765.05 through 2026-04-04. Evidence: message_51. Next supported income: 1177 on 2026-01-15.
request_70,50476.8,affordable_later,wait,2025-02-15:243900,2025-02-15,none,INR 208360 available; protect 115000 minimum. Pay INR 243900 via wait; finish 2025-02-15. Forecast low 162417.32 through 2025-03-06. Evidence: message_52. Next supported income: 203000 on 2024-12-15.
request_71,962727.48,not_affordable,not_recommended,none,,none,IDR 16369850 available; protect 8884800 minimum. Safe today: 962727.48. No accepted plan completes the request by 2025-05-28 while preserving the minimum for 90 days. Evidence: message_53. Next supported income: 11019997.68 on 2025-05-15.
request_72,11330,affordable_now,full_payment,2026-07-05:11330,2026-07-05,none,ZAR 30337.13 available; protect 12200 minimum. Pay ZAR 11330 via full payment; finish 2026-07-05. Forecast low 12429.26 through 2026-10-03. Evidence: message_54. Next supported income: 18700 on 2026-07-15.
request_73,71400,affordable_now,full_payment,2023-01-20:71400,2023-01-20,none,INR 278542.50 available; protect 103200 minimum. Pay INR 71400 via full payment; finish 2023-01-20. Forecast low 113251.96 through 2023-04-20. Evidence: message_55. Next supported income: 132000 on 2023-02-15.
request_74,5010,affordable_now,full_payment,2025-08-04:5010,2025-08-04,none,ZAR 70056.90 available; protect 21900 minimum. Pay ZAR 5010 via full payment; finish 2025-08-04. Forecast low 54067.38 through 2025-11-02. Evidence: message_56. Next supported income: 26180 on 2025-08-15.
request_75,13211.62,not_affordable,not_recommended,none,,none,ZAR 145867.87 available; protect 39000 minimum. Safe today: 13211.62. No accepted plan completes the request by 2026-06-12 while preserving the minimum for 90 days. Evidence: message_57.
request_76,782.36,not_affordable,not_recommended,none,,none,USD 3338.80 available; protect 1800 minimum. Safe today: 782.36. No accepted plan completes the request by 2024-07-30 while preserving the minimum for 90 days. Evidence: message_58. Next supported income: 1843.20 on 2024-06-15.
request_77,60102.73,affordable_with_plan,full_payment,2025-11-05:60700,2025-11-15,stop:event_7143,INR 189860.50 available; protect 82200 minimum. Pay INR 60700 via full payment; finish 2025-11-05. Forecast low 82307.73 through 2026-02-03. Apply stop:event_7143. Evidence: message_59. Next supported income: 111000 on 2025-11-15.
request_78,49716.18,affordable_with_plan,full_payment,2025-10-02:50200,2025-10-15,reduce_to:event_7224:805,INR 156676 available; protect 55200 minimum. Pay INR 50200 via full payment; finish 2025-10-02. Forecast low 55521.18 through 2025-12-31. Apply reduce_to:event_7224:805. Next supported income: 89000 on 2025-10-15.
request_79,367.68,not_affordable,not_recommended,none,,none,EUR 2104.08 available; protect 1000 minimum. Safe today: 367.68. No accepted plan completes the request by 2024-11-01 while preserving the minimum for 90 days. Next supported income: 1313.76 on 2024-09-15.
request_80,0,not_affordable,not_recommended,none,,none,INR 280125 available; protect 121300 minimum. Safe today: 0. No accepted plan completes the request by 2025-02-21 while preserving the minimum for 90 days. Evidence: message_60. Next supported income: 94800 on 2025-02-15.
request_81,2076,affordable_now,full_payment,2026-07-03:2076,2026-07-03,none,USD 5028.25 available; protect 1600 minimum. Pay USD 2076 via full payment; finish 2026-07-03. Forecast low 1661.52 through 2026-10-01. Evidence: message_61. Next supported income: 2808 on 2026-07-15.
request_82,381.75,affordable_later,wait,2025-02-15:1405.20,2025-02-15,none,USD 2202.40 available; protect 1100 minimum. Pay USD 1405.20 via wait; finish 2025-02-15. Forecast low 1481.75 through 2025-03-05. Evidence: message_62. Next supported income: 1752 on 2024-12-15.
request_83,7244.95,not_affordable,not_recommended,none,,none,INR 68930 available; protect 37800 minimum. Safe today: 7244.95. No accepted plan completes the request by 2025-06-17 while preserving the minimum for 90 days. Evidence: message_63. Next supported income: 62000 on 2025-05-15.
request_84,21423.28,affordable_later,wait,2026-06-15:95400,2026-06-15,none,INR 153945 available; protect 91300 minimum. Pay INR 95400 via wait; finish 2026-06-15. Forecast low 104263.94 through 2026-07-03. Evidence: message_64. Next supported income: 107995.68 on 2026-04-15.
request_85,392399.89,not_affordable,not_recommended,none,,none,IDR 8818420 available; protect 6396300 minimum. Safe today: 392399.89. No accepted plan completes the request by 2024-04-26 while preserving the minimum for 90 days. Evidence: message_65. Next supported income: 8618400 on 2024-03-15.
request_86,46300,affordable_now,full_payment,2025-08-03:46300,2025-08-03,none,INR 228639.50 available; protect 84900 minimum. Pay INR 46300 via full payment; finish 2025-08-03. Forecast low 88514.78 through 2025-11-01. Next supported income: 124000 on 2025-08-23.
request_87,26211.37,not_affordable,not_recommended,none,,none,INR 278750 available; protect 185900 minimum. Safe today: 26211.37. No accepted plan completes the request by 2026-03-15 while preserving the minimum for 90 days. Evidence: message_66. Next supported income: 251000 on 2026-01-15.
request_88,10735.77,affordable_with_plan,installments,2024-06-14:9045.23|2024-07-15:9045.23|2024-08-15:9045.23,2024-07-15,none,ZAR 41357.89 available; protect 25800 minimum. Pay ZAR 27135.69 via installments; finish 2024-08-15. Forecast low 27490.54 through 2024-09-05. Next supported income: 34760 on 2024-06-15.
request_89,9392480.17,affordable_with_plan,installments,2025-11-18:4768746.67|2025-12-16:4768746.67|2026-01-13:4768746.67,2026-01-15,reduce_to:event_8337:266760|stop:event_8335,"IDR 27331862.01 available; protect 12534700 minimum. Pay IDR 14306240.01 via installments; finish 2026-01-13. Forecast low 12938594.43 through 2026-02-02. Apply reduce_to:event_8337:266760, stop:event_8335. Next supported income: 15200000 on 2025-11-15."
request_90,2560,affordable_now,full_payment,2026-07-06:2560,2026-07-06,none,ZAR 31629.50 available; protect 7600 minimum. Pay ZAR 2560 via full payment; finish 2026-07-06. Forecast low 19186.22 through 2026-10-04. Evidence: message_68. Next supported income: 13420 on 2026-07-15.
request_91,410.52,affordable_later,wait,2024-11-15:1927.20,2024-11-15,none,EUR 4209.60 available; protect 2100 minimum. Pay EUR 1927.20 via wait; finish 2024-11-15. Forecast low 2510.52 through 2024-12-02. Evidence: message_69. Next supported income: 2387 on 2024-09-15.
request_92,34034,affordable_now,full_payment,2025-02-05:34034,2025-02-05,none,ZAR 78664.47 available; protect 28100 minimum. Pay ZAR 34034 via full payment; finish 2025-02-05. Forecast low 29782.63 through 2025-05-06. Evidence: message_70. Next supported income: 29568 on 2025-02-15.
request_93,1729.2,affordable_now,full_payment,2026-04-07:1729.20,2026-04-07,none,USD 3962.10 available; protect 1900 minimum. Pay USD 1729.20 via full payment; finish 2026-04-07. Forecast low 2002.58 through 2026-07-06. Next supported income: 2412 on 2026-04-15.
request_94,572,affordable_now,full_payment,2024-12-04:572,2024-12-04,none,EUR 2663.60 available; protect 600 minimum. Pay EUR 572 via full payment; finish 2024-12-04. Forecast low 1130.93 through 2025-03-04. Evidence: message_72. Next supported income: 924 on 2024-12-15.
request_95,4648.02,not_affordable,not_recommended,none,,none,INR 283365 available; protect 145500 minimum. Safe today: 4648.02. No accepted plan completes the request by 2025-07-14 while preserving the minimum for 90 days. Evidence: message_73. Next supported income: 251000 on 2025-05-23.
request_96,72758.96,affordable_with_plan,installments,2026-01-10:31269.33|2026-02-09:31269.33|2026-03-11:31269.33,2026-02-15,reduce_to:event_8980:1610,INR 161635.49 available; protect 56500 minimum. Pay INR 93807.99 via installments; finish 2026-03-11. Forecast low 62577.59 through 2026-04-03. Apply reduce_to:event_8980:1610. Next supported income: 80000 on 2026-01-15.
request_97,1599.8,affordable_with_plan,installments,2024-03-19:8145.28|2024-04-19:8145.28|2024-05-20:8145.28,2024-04-15,none,ZAR 38565.89 available; protect 29700 minimum. Pay ZAR 24435.84 via installments; finish 2024-05-20. Forecast low 31299.80 through 2024-06-03. Next supported income: 35420 on 2024-03-15.
request_98,7883.74,affordable_later,wait,2025-09-15:27148,2025-09-15,none,ZAR 47244.70 available; protect 30000 minimum. Pay ZAR 27148 via wait; finish 2025-09-15. Forecast low 32068.82 through 2025-11-05. Evidence: message_74. Next supported income: 36080 on 2025-08-15.
request_99,17445.43,affordable_with_plan,full_payment,2026-07-04:18062,2026-07-15,reduce_to:event_9232:1065.90,ZAR 86706.58 available; protect 49100 minimum. Pay ZAR 18062 via full payment; finish 2026-07-04. Forecast low 49529.52 through 2026-10-02. Apply reduce_to:event_9232:1065.90. Next supported income: 56980 on 2026-07-15.
request_100,26775.6,affordable_with_plan,installments,2024-06-13:12866.19|2024-07-14:12866.19|2024-08-14:12866.19,2024-06-15,none,ZAR 68363.53 available; protect 32500 minimum. Pay ZAR 38598.57 via installments; finish 2024-08-14. Forecast low 39566.66 through 2024-09-04. Next supported income: 42680 on 2024-06-15.
request_101,143500,affordable_now,full_payment,2025-11-03:143500,2025-11-03,none,INR 465868.50 available; protect 187400 minimum. Pay INR 143500 via full payment; finish 2025-11-03. Forecast low 194361.66 through 2026-02-01. Evidence: message_75. Next supported income: 254000 on 2025-11-15.
request_102,1716,affordable_with_plan,installments,2026-04-05:594.88|2026-05-05:594.88|2026-06-04:594.88,2026-04-05,none,EUR 4643.74 available; protect 900 minimum. Pay EUR 1784.64 via installments; finish 2026-06-04. Forecast low 2050.40 through 2026-07-04. Evidence: message_76. Next supported income: 1419 on 2026-04-15.
request_103,2146.57,not_affordable,not_recommended,none,,none,INR 168749 available; protect 125500 minimum. Safe today: 2146.57. No accepted plan completes the request by 2024-10-07 while preserving the minimum for 90 days. Evidence: message_77. Next supported income: 164880 on 2024-09-15.
request_104,7188.3,not_affordable,not_recommended,none,,none,ZAR 64021.70 available; protect 24700 minimum. Safe today: 7188.3. No accepted plan completes the request by 2025-04-15 while preserving the minimum for 90 days. Evidence: message_78. Next supported income: 21516 on 2025-02-15.
request_105,53500,affordable_now,full_payment,2026-06-08:53500,2026-06-08,none,INR 147831.80 available; protect 73900 minimum. Pay INR 53500 via full payment; finish 2026-06-08. Forecast low 75953.06 through 2026-09-06. Evidence: message_79. Next supported income: 117000 on 2026-06-15.
request_106,463.22,affordable_later,wait,2025-02-15:2207.70,2025-02-15,none,EUR 2601.70 available; protect 1200 minimum. Pay EUR 2207.70 via wait; finish 2025-02-15. Forecast low 1663.22 through 2025-03-03. Evidence: message_80. Next supported income: 1815 on 2024-12-15.
request_107,2416.94,affordable_with_plan,installments,2025-05-08:878.59|2025-06-05:878.59|2025-07-03:878.59,2025-07-15,reduce_to:event_9959:42.50,EUR 5054.52 available; protect 1600 minimum. Pay EUR 2635.77 via installments; finish 2025-07-03. Forecast low 1609.76 through 2025-08-03. Apply reduce_to:event_9959:42.50. Evidence: message_81. Next supported income: 2123 on 2025-05-15.
request_108,1717.39,not_affordable,not_recommended,none,,none,ZAR 31936.40 available; protect 24100 minimum. Safe today: 1717.39. No accepted plan completes the request by 2026-07-26 while preserving the minimum for 90 days. Evidence: message_82. Next supported income: 20064 on 2026-07-15.
request_109,619.32,affordable_with_plan,installments,2024-03-18:645.98|2024-04-18:645.98|2024-05-19:645.98,2024-04-15,none,EUR 2976.46 available; protect 1700 minimum. Pay EUR 1937.94 via installments; finish 2024-05-19. Forecast low 2319.32 through 2024-06-02. Next supported income: 2395.68 on 2024-03-15.
request_110,22352,affordable_with_plan,installments,2025-08-06:7748.69|2025-09-03:7748.69|2025-10-01:7748.69,2025-08-06,none,ZAR 61229.53 available; protect 11200 minimum. Pay ZAR 23246.07 via installments; finish 2025-10-01. Forecast low 24667.16 through 2025-11-04. Evidence: message_83. Next supported income: 16720 on 2025-08-15.
request_111,16625000,affordable_now,full_payment,2026-04-03:16625000,2026-04-03,none,IDR 85204860 available; protect 23022800 minimum. Pay IDR 16625000 via full payment; finish 2026-04-03. Forecast low 23719944.48 through 2026-07-02. Evidence: message_84.
request_112,271.7,affordable_now,full_payment,2024-06-05:271.70,2024-06-05,none,EUR 1026 available; protect 500 minimum. Pay EUR 271.70 via full payment; finish 2024-06-05. Forecast low 515.56 through 2024-09-03. Evidence: message_85. Next supported income: 627 on 2024-06-15.
request_113,28455.73,affordable_later,wait,2026-09-15:36500,2026-09-15,none,INR 141890 available; protect 82300 minimum. Pay INR 36500 via wait; finish 2026-09-15. Forecast low 105486.44 through 2026-12-03. Evidence: message_86. Next supported income: 107995.68 on 2026-09-15.
request_114,63280.58,affordable_with_plan,full_payment,2026-01-04:65300,2026-01-15,stop:event_10559,INR 219230 available; protect 113400 minimum. Pay INR 65300 via full payment; finish 2026-01-04. Forecast low 114280.58 through 2026-04-04. Apply stop:event_10559. Evidence: message_87. Next supported income: 148200 on 2026-01-15.
request_115,14648.43,affordable_later,wait,2024-11-15:80500,2024-11-15,none,INR 65935 available; protect 38800 minimum. Pay INR 80500 via wait; finish 2024-11-15. Forecast low 53448.43 through 2024-12-05. Evidence: message_88. Next supported income: 59000 on 2024-09-15.
request_116,9179.84,not_affordable,not_recommended,none,,none,INR 138375 available; protect 80300 minimum. Safe today: 9179.84. No accepted plan completes the request by 2025-04-16 while preserving the minimum for 90 days. Next supported income: 124000 on 2025-02-15.
request_117,859.1,affordable_with_plan,full_payment,2026-07-05:880,2026-07-15,stop:event_10833,EUR 2164.20 available; protect 1000 minimum. Pay EUR 880 via full payment; finish 2026-07-05. Forecast low 1001.10 through 2026-10-03. Apply stop:event_10833. Evidence: message_89. Next supported income: 1188 on 2026-07-15.
request_118,649.88,affordable_with_plan,installments,2024-12-07:255.87|2025-01-07:255.87|2025-02-07:255.87,2024-12-15,none,EUR 1538.51 available; protect 600 minimum. Pay EUR 767.61 via installments; finish 2025-02-07. Forecast low 663.97 through 2025-03-07. Evidence: message_90. Next supported income: 759 on 2024-12-15.
request_119,59410.4,affordable_with_plan,installments,2025-05-18:70546.67|2025-06-15:70546.67|2025-07-13:70546.67,2025-06-15,reduce_to:event_11057:2370,INR 282101.01 available; protect 151200 minimum. Pay INR 211640.01 via installments; finish 2025-07-13. Forecast low 153594.43 through 2025-08-02. Apply reduce_to:event_11057:2370. Evidence: message_91. Next supported income: 176000 on 2025-05-15.
request_120,7714000,affordable_now,full_payment,2026-04-06:7714000,2026-04-06,none,IDR 31748980 available; protect 20050300 minimum. Pay IDR 7714000 via full payment; finish 2026-04-06. Forecast low 20853488.04 through 2026-07-05. Evidence: message_92. Next supported income: 23750000 on 2026-04-15.
request_121,633.6,affordable_now,full_payment,2024-03-03:633.60,2024-03-03,none,USD 1741 available; protect 800 minimum. Pay USD 633.60 via full payment; finish 2024-03-03. Forecast low 852.57 through 2024-06-01. Next supported income: 1056 on 2024-03-15.
request_122,20558000,affordable_with_plan,installments,2025-08-05:7126773.33|2025-09-02:7126773.33|2025-09-30:7126773.33,2025-08-05,none,IDR 56827244.99 available; protect 12588500 minimum. Pay IDR 21380319.99 via installments; finish 2025-09-30. Forecast low 24068908 through 2025-11-03. Evidence: message_93. Next supported income: 15390000 on 2025-08-15.
request_123,2382286.8,not_affordable,not_recommended,none,,none,IDR 63706400 available; protect 18091200 minimum. Safe today: 2382286.8. No accepted plan completes the request by 2026-03-28 while preserving the minimum for 90 days. Evidence: message_94.
request_124,1392.45,affordable_with_plan,installments,2024-06-11:1076.12|2024-07-12:1076.12|2024-08-12:1076.12,2024-07-15,reduce_to:event_11480:38,EUR 3709.56 available; protect 1600 minimum. Pay EUR 3228.36 via installments; finish 2024-08-12. Forecast low 1620.18 through 2024-09-02. Apply reduce_to:event_11480:38. Next supported income: 2629 on 2024-06-15.
request_125,5834.63,not_affordable,not_recommended,none,2025-11-15,none,ZAR 22027.97 available; protect 11300 minimum. Safe today: 5834.63. No accepted plan completes the request by 2025-11-14 while preserving the minimum for 90 days. Financial capacity for full payment exists on 2025-11-15. Evidence: message_95. Next supported income: 14960 on 2025-11-15.
request_126,159600,affordable_now,full_payment,2026-07-03:159600,2026-07-03,none,INR 403175 available; protect 129700 minimum. Pay INR 159600 via full payment; finish 2026-07-03. Forecast low 151491.92 through 2026-10-01. Evidence: message_96. Next supported income: 152000 on 2026-07-15.
request_127,7420.92,affordable_later,wait,2024-10-15:23980,2024-10-15,none,ZAR 66058 available; protect 41000 minimum. Pay ZAR 23980 via wait; finish 2024-10-15. Forecast low 41949.98 through 2024-12-04. Evidence: message_97. Next supported income: 50160 on 2024-09-15.
request_128,25168,affordable_now,full_payment,2025-02-07:25168,2025-02-07,none,ZAR 80711.70 available; protect 42600 minimum. Pay ZAR 25168 via full payment; finish 2025-02-07. Forecast low 43993.49 through 2025-05-08. Next supported income: 55220 on 2025-02-15.
request_129,111.57,not_affordable,not_recommended,none,,none,USD 1088 available; protect 800 minimum. Safe today: 111.57. No accepted plan completes the request by 2026-06-18 while preserving the minimum for 90 days. Evidence: message_99. Next supported income: 1020 on 2026-04-15.
request_130,373.31,affordable_later,wait,2025-02-15:1978.80,2025-02-15,none,USD 2317.46 available; protect 1400 minimum. Pay USD 1978.80 via wait; finish 2025-02-15. Forecast low 1688.43 through 2025-03-06. Evidence: message_100. Next supported income: 2177.28 on 2024-12-15.
request_131,1134.44,not_affordable,not_recommended,none,2025-07-23,none,USD 3387.16 available; protect 1100 minimum. Safe today: 1134.44. No accepted plan completes the request by 2025-07-08 while preserving the minimum for 90 days. Financial capacity for full payment exists on 2025-07-23. Evidence: message_101. Next supported income: 1632 on 2025-05-23.
request_132,313.54,affordable_later,wait,2026-01-15:379.86,2026-01-15,none,USD 1744.55 available; protect 1100 minimum. Pay USD 379.86 via wait; finish 2026-01-15. Forecast low 1373.05 through 2026-04-05. Evidence: message_102. Next supported income: 1193.40 on 2026-01-15.
request_133,0,not_affordable,not_recommended,none,,none,IDR 36824650 available; protect 9986200 minimum. Safe today: 0. No accepted plan completes the request by 2024-03-29 while preserving the minimum for 90 days. Evidence: message_103.
request_134,5515848.58,affordable_later,wait,2025-10-15:21831000,2025-10-15,none,IDR 28020700 available; protect 15902500 minimum. Pay IDR 21831000 via wait; finish 2025-10-15. Forecast low 21418348.58 through 2025-11-02. Next supported income: 24510000 on 2025-08-15.
request_135,283.19,affordable_with_plan,full_payment,2026-07-06:304.80,2026-07-15,stop:event_12413,USD 1041.10 available; protect 500 minimum. Pay USD 304.80 via full payment; finish 2026-07-06. Forecast low 501.39 through 2026-10-04. Apply stop:event_12413. Evidence: message_104. Next supported income: 828 on 2026-07-15.
request_136,528.5,affordable_with_plan,full_payment,2024-06-03:560.40,2024-06-15,reduce_to:event_12498:27.20,USD 2291.68 available; protect 1100 minimum. Pay USD 560.40 via full payment; finish 2024-06-03. Forecast low 1108.50 through 2024-09-01. Apply reduce_to:event_12498:27.20. Next supported income: 1548 on 2024-06-15.
request_137,29317.32,affordable_later,wait,2026-01-15:80100,2026-01-15,none,INR 139760 available; protect 71800 minimum. Pay INR 80100 via wait; finish 2026-01-15. Forecast low 83070.16 through 2026-02-03. Evidence: message_105. Next supported income: 114000 on 2025-11-15.
request_138,752.76,affordable_with_plan,partial_payment,2026-04-07:752.76|2026-04-15:504.18,2026-04-15,none,EUR 3644.65 available; protect 2300 minimum. Pay EUR 1256.94 via partial payment; finish 2026-04-15. Forecast low 2300 through 2026-07-06. Evidence: message_106. Next supported income: 2695 on 2026-04-15.
request_139,1324.55,affordable_with_plan,installments,2024-09-07:802.88|2024-10-08:802.88|2024-11-08:802.88,2024-10-15,none,USD 3767.84 available; protect 1500 minimum. Pay USD 2408.64 via installments; finish 2024-11-08. Forecast low 1644.55 through 2024-12-03. Next supported income: 1824 on 2024-09-15.
request_140,1428.8,not_affordable,not_recommended,none,,none,ZAR 34679 available; protect 21600 minimum. Safe today: 1428.8. No accepted plan completes the request by 2025-03-04 while preserving the minimum for 90 days. Evidence: message_107. Next supported income: 31900 on 2025-02-15.
request_141,25585.15,not_affordable,not_recommended,none,,none,INR 122545 available; protect 67300 minimum. Safe today: 25585.15. No accepted plan completes the request by 2026-02-12 while preserving the minimum for 90 days. Evidence: message_108. Next supported income: 97000 on 2026-01-15.
request_142,1263.6,affordable_now,full_payment,2024-12-05:1263.60,2024-12-05,none,USD 5993.85 available; protect 1700 minimum. Pay USD 1263.60 via full payment; finish 2024-12-05. Forecast low 3102.11 through 2025-03-05. Evidence: message_109. Next supported income: 2040 on 2024-12-15.
request_143,2501.34,affordable_later,wait,2025-07-15:12584,2025-07-15,none,ZAR 20111 available; protect 11300 minimum. Pay ZAR 12584 via wait; finish 2025-07-15. Forecast low 13034.30 through 2025-08-05. Evidence: message_110. Next supported income: 14960 on 2025-05-15.
request_144,233.34,affordable_now,full_payment,2026-07-04:233.34,2026-07-04,none,USD 1248.08 available; protect 600 minimum. Pay USD 233.34 via full payment; finish 2026-07-04. Forecast low 616.71 through 2026-10-02. Evidence: message_111. Next supported income: 864 on 2026-07-15.
request_145,27650.11,affordable_with_plan,installments,2024-03-20:75365.33|2024-04-20:75365.33|2024-05-21:75365.33,2024-05-15,reduce_to:event_13409:3335,INR 261013.66 available; protect 155400 minimum. Pay INR 226095.99 via installments; finish 2024-05-21. Forecast low 155693.38 through 2024-06-04. Apply reduce_to:event_13409:3335. Evidence: message_112. Next supported income: 258000 on 2024-03-15.
request_146,16037.1,not_affordable,not_recommended,none,,none,INR 190065 available; protect 108600 minimum. Safe today: 16037.1. No accepted plan completes the request by 2025-10-17 while preserving the minimum for 90 days. Next supported income: 168000 on 2025-08-15.
request_147,477.47,affordable_with_plan,installments,2026-04-08:391.63|2026-05-08:391.63|2026-06-07:391.63,2026-05-15,none,EUR 1641.53 available; protect 900 minimum. Pay EUR 1174.89 via installments; finish 2026-06-07. Forecast low 985.84 through 2026-07-04. Evidence: message_113. Next supported income: 1529 on 2026-04-15.
request_148,7127.02,affordable_with_plan,installments,2024-06-14:7710.56|2024-07-15:7710.56|2024-08-15:7710.56,2024-08-15,reduce_to:event_13594:576.40,ZAR 33181.08 available; protect 20000 minimum. Pay ZAR 23131.68 via installments; finish 2024-08-15. Forecast low 20025.21 through 2024-09-05. Apply reduce_to:event_13594:576.40. Evidence: message_114. Next supported income: 35640 on 2024-06-15.
request_149,22401.21,affordable_with_plan,installments,2025-11-18:12706.03|2025-12-16:12706.03|2026-01-13:12706.03,2025-12-15,none,ZAR 84358.38 available; protect 42100 minimum. Pay ZAR 38118.09 via installments; finish 2026-01-13. Forecast low 42713.97 through 2026-02-02. Next supported income: 52360 on 2025-11-15.
request_150,328.56,affordable_with_plan,installments,2026-01-06:171.98|2026-02-05:171.98|2026-03-07:171.98,2026-01-15,none,EUR 1257.44 available; protect 700 minimum. Pay EUR 515.94 via installments; finish 2026-03-07. Forecast low 856.58 through 2026-04-06. Evidence: message_115. Next supported income: 893.75 on 2026-01-15.
request_151,26999000,affordable_now,full_payment,2024-09-03:26999000,2024-09-03,none,IDR 83998265 available; protect 31633600 minimum. Pay IDR 26999000 via full payment; finish 2024-09-03. Forecast low 32254800.77 through 2024-12-02. Evidence: message_116. Next supported income: 46170000 on 2024-09-15.
request_152,11084.9,affordable_with_plan,installments,2025-02-12:4812.43|2025-03-12:4812.43|2025-04-09:4812.43,2025-04-15,reduce_to:event_14024:234.30|stop:event_13957,"ZAR 28368.77 available; protect 11900 minimum. Pay ZAR 14437.29 via installments; finish 2025-04-09. Forecast low 11953.73 through 2025-05-06. Apply reduce_to:event_14024:234.30, stop:event_13957. Evidence: message_117. Next supported income: 13640 on 2025-02-15."
request_153,155.72,not_affordable,not_recommended,none,,none,USD 1903.60 available; protect 1400 minimum. Safe today: 155.72. No accepted plan completes the request by 2026-09-24 while preserving the minimum for 90 days. Next supported income: 1630.64 on 2026-07-15.
request_154,1625.8,affordable_with_plan,installments,2024-12-04:563.61|2025-01-04:563.61|2025-02-04:563.61,2024-12-04,none,EUR 4679.40 available; protect 1300 minimum. Pay EUR 1690.83 via installments; finish 2025-02-04. Forecast low 1539.14 through 2025-03-04. Evidence: message_119. Next supported income: 1009.36 on 2024-12-15.
request_155,112500,affordable_now,full_payment,2025-05-06:112500,2025-05-06,none,INR 218050 available; protect 56300 minimum. Pay INR 112500 via full payment; finish 2025-05-06. Forecast low 76602.21 through 2025-08-04. Evidence: message_120. Next supported income: 84000 on 2025-05-15.
request_156,8497.56,affordable_later,wait,2026-06-15:43076,2026-06-15,none,ZAR 42105.30 available; protect 26900 minimum. Pay ZAR 43076 via wait; finish 2026-06-15. Forecast low 35397.56 through 2026-07-02. Evidence: message_121. Next supported income: 32340 on 2026-04-15.
request_157,5397652.52,affordable_later,wait,2024-05-15:23503000,2024-05-15,none,IDR 25805950 available; protect 15714100 minimum. Pay IDR 23503000 via wait; finish 2024-05-15. Forecast low 21111752.52 through 2024-06-03. Evidence: message_122. Next supported income: 23940000 on 2024-03-15.
request_158,226113.86,not_affordable,not_recommended,none,,none,INR 745417.10 available; protect 131400 minimum. Safe today: 226113.86. No accepted plan completes the request by 2025-10-02 while preserving the minimum for 90 days.
request_159,0,not_affordable,not_recommended,none,,none,ZAR 40283.20 available; protect 8700 minimum. Safe today: 0. No accepted plan completes the request by 2026-03-20 while preserving the minimum for 90 days. Evidence: message_123.
request_160,569.52,affordable_with_plan,installments,2024-06-13:432.05|2024-07-14:432.05|2024-08-14:432.05,2024-07-15,none,EUR 2144.61 available; protect 1200 minimum. Pay EUR 1296.15 via installments; finish 2024-08-14. Forecast low 1337.47 through 2024-09-04. Evidence: message_124. Next supported income: 1672 on 2024-06-15.
request_161,6906804.19,affordable_later,wait,2026-01-15:21204000,2026-01-15,none,IDR 41308350 available; protect 23010400 minimum. Pay IDR 21204000 via wait; finish 2026-01-15. Forecast low 29917204.19 through 2026-02-01. Evidence: message_125. Next supported income: 26790000 on 2025-11-15.
request_162,1255094.8,not_affordable,not_recommended,none,,none,IDR 34607300 available; protect 24161100 minimum. Safe today: 1255094.8. No accepted plan completes the request by 2026-08-26 while preserving the minimum for 90 days. Evidence: message_126. Next supported income: 29070000 on 2026-07-15.
request_163,8809583.4,affordable_with_plan,installments,2024-09-10:6692053.33|2024-10-11:6692053.33|2024-11-11:6692053.33,2024-11-15,reduce_to:event_15018:664050,IDR 49519524.26 available; protect 26728700 minimum. Pay IDR 20076159.99 via installments; finish 2024-11-11. Forecast low 29086344.10 through 2024-12-06. Apply reduce_to:event_15018:664050. Evidence: message_127. Next supported income: 30400000 on 2024-09-15.
request_164,27018000,affordable_with_plan,installments,2025-02-11:9366240|2025-03-11:9366240|2025-04-08:9366240,2025-02-04,none,IDR 75429169.20 available; protect 29550500 minimum. Pay IDR 28098720 via installments; finish 2025-04-08. Forecast low 31254660.60 through 2025-05-05. Evidence: message_128. Next supported income: 26562000 on 2025-02-15.
request_165,68752.36,affordable_with_plan,full_payment,2026-04-06:80600,,reduce_to:event_15136:1048|stop:event_15135,"INR 366705 available; protect 95000 minimum. Pay INR 80600 via full payment; finish 2026-04-06. Forecast low 98117.23 through 2026-07-05. Apply reduce_to:event_15136:1048, stop:event_15135. Evidence: message_129."
request_166,2907.6,affordable_with_plan,installments,2024-12-03:1007.97|2025-01-03:1007.97|2025-02-03:1007.97,2024-12-03,none,USD 9001.95 available; protect 1700 minimum. Pay USD 3023.91 via installments; finish 2025-02-03. Forecast low 3731.71 through 2025-03-03. Evidence: message_130. Next supported income: 2340 on 2024-12-15.
request_167,43802,affordable_now,full_payment,2025-05-05:43802,2025-05-05,none,ZAR 105090.30 available; protect 31200 minimum. Pay ZAR 43802 via full payment; finish 2025-05-05. Forecast low 36328.16 through 2025-08-03. Evidence: message_131. Next supported income: 47740 on 2025-05-23.
request_168,34881.33,affordable_with_plan,partial_payment,2026-01-07:34881.33|2026-01-15:14498.67,2026-01-15,none,INR 173843 available; protect 114400 minimum. Pay INR 49380 via partial payment; finish 2026-01-15. Forecast low 114400 through 2026-04-07. Evidence: message_132. Next supported income: 137150 on 2026-01-15.
request_169,41976,affordable_now,full_payment,2024-03-04:41976,2024-03-04,none,ZAR 77544.50 available; protect 18700 minimum. Pay ZAR 41976 via full payment; finish 2024-03-04. Forecast low 23799.65 through 2024-06-02. Next supported income: 33000 on 2024-03-15.
request_170,29866830.92,affordable_with_plan,installments,2025-08-06:12804480|2025-09-03:12804480|2025-10-01:12804480,2025-09-15,none,IDR 69446998.40 available; protect 24715800 minimum. Pay IDR 38413440 via installments; finish 2025-10-01. Forecast low 25610005.95 through 2025-11-04. Next supported income: 38760000 on 2025-08-15.
request_171,33.02,not_affordable,not_recommended,none,,none,EUR 810.65 available; protect 500 minimum. Safe today: 33.02. No accepted plan completes the request by 2026-09-10 while preserving the minimum for 90 days. Next supported income: 693 on 2026-07-15.
request_172,9077.61,affordable_with_plan,partial_payment,2024-06-05:9077.61|2024-06-15:1122.39,2024-06-15,none,ZAR 50942.40 available; protect 27200 minimum. Pay ZAR 10200 via partial payment; finish 2024-06-15. Forecast low 27200 through 2024-09-03. Next supported income: 34540 on 2024-06-15.
request_173,55371.35,affordable_with_plan,installments,2025-11-21:39173.33|2025-12-19:39173.33|2026-01-16:39173.33,2026-01-15,none,INR 162290.53 available; protect 79100 minimum. Pay INR 117519.99 via installments; finish 2026-01-16. Forecast low 81564.57 through 2026-02-05. Evidence: message_137. Next supported income: 106995.72 on 2025-11-15.
request_174,1075.25,affordable_with_plan,installments,2026-04-04:397.35|2026-05-04:397.35|2026-06-03:397.35,,reduce_to:event_15976:16.80|stop:event_15975,"EUR 3266.04 available; protect 700 minimum. Pay EUR 1192.05 via installments; finish 2026-06-03. Forecast low 711.24 through 2026-07-03. Apply reduce_to:event_15976:16.80, stop:event_15975."
request_175,2346.3,affordable_now,full_payment,2024-09-06:2346.30,2024-09-06,none,EUR 4760.25 available; protect 1700 minimum. Pay EUR 2346.30 via full payment; finish 2024-09-06. Forecast low 1983.40 through 2024-12-05. Evidence: message_138. Next supported income: 1924.56 on 2024-09-15.
request_176,26.37,not_affordable,not_recommended,none,,none,EUR 1286.95 available; protect 600 minimum. Safe today: 26.37. No accepted plan completes the request by 2025-02-27 while preserving the minimum for 90 days. Evidence: message_139. Next supported income: 508.20 on 2025-02-15.
request_177,1017.6,affordable_now,full_payment,2026-01-05:1017.60,2026-01-05,none,USD 2987.24 available; protect 1300 minimum. Pay USD 1017.60 via full payment; finish 2026-01-05. Forecast low 1390.51 through 2026-04-05. Evidence: message_140. Next supported income: 1731.60 on 2026-01-15.
request_178,2938.1,affordable_with_plan,installments,2024-12-07:1018.54|2025-01-07:1018.54|2025-02-07:1018.54,2024-12-07,none,EUR 7959.30 available; protect 1400 minimum. Pay EUR 3055.62 via installments; finish 2025-02-07. Forecast low 3270.17 through 2025-03-07. Evidence: message_141. Next supported income: 2376 on 2024-12-15.
request_179,6584779.79,affordable_later,wait,2025-07-15:41648000,2025-07-15,none,IDR 79388050 available; protect 41430800 minimum. Pay IDR 41648000 via wait; finish 2025-07-15. Forecast low 48015579.79 through 2025-08-02. Next supported income: 48830000 on 2025-05-15.
request_180,66500,affordable_now,full_payment,2026-07-06:66500,2026-07-06,none,INR 134980 available; protect 37300 minimum. Pay INR 66500 via full payment; finish 2026-07-06. Forecast low 47440.38 through 2026-10-04. Evidence: message_143. Next supported income: 59000 on 2026-07-15.
request_181,405.77,not_affordable,not_recommended,none,,none,USD 3362 available; protect 2000 minimum. Safe today: 405.77. No accepted plan completes the request by 2024-04-07 while preserving the minimum for 90 days. Next supported income: 2580 on 2024-03-15.
request_182,65714,affordable_now,full_payment,2025-08-05:65714,2025-08-05,none,ZAR 125010.30 available; protect 31100 minimum. Pay ZAR 65714 via full payment; finish 2025-08-05. Forecast low 42771.26 through 2025-11-03. Next supported income: 52800 on 2025-08-15.
request_183,23534795.58,affordable_with_plan,installments,2026-04-10:9313546.67|2026-05-10:9313546.67|2026-06-09:9313546.67,2026-04-15,none,IDR 42156223.74 available; protect 11878300 minimum. Pay IDR 27940640.01 via installments; finish 2026-06-09. Forecast low 17127245.73 through 2026-07-06. Next supported income: 20899995.60 on 2026-04-15.
request_184,12390.57,not_affordable,not_recommended,none,,none,INR 163160 available; protect 110800 minimum. Safe today: 12390.57. No accepted plan completes the request by 2024-07-30 while preserving the minimum for 90 days. Next supported income: 131994.72 on 2024-06-15.
request_185,309.85,affordable_with_plan,wait,2026-01-15:1257.30,,reduce_to:event_17120:33.50,EUR 2083.40 available; protect 1300 minimum. Pay EUR 1257.30 via wait; finish 2026-01-15. Forecast low 1457.81 through 2026-02-04. Apply reduce_to:event_17120:33.50. Evidence: message_147. Next supported income: 1562 on 2025-11-15.
request_186,4156.69,affordable_later,wait,2026-03-15:26554,2026-03-15,none,ZAR 44863.50 available; protect 22000 minimum. Pay ZAR 26554 via wait; finish 2026-03-15. Forecast low 23296.29 through 2026-04-03. Evidence: message_148. Next supported income: 31889 on 2026-01-15.
request_187,37844.44,affordable_later,wait,2024-11-15:187500,2024-11-15,none,INR 195735 available; protect 128300 minimum. Pay INR 187500 via wait; finish 2024-11-15. Forecast low 166144.44 through 2024-12-04. Evidence: message_149. Next supported income: 145000 on 2024-09-15.
request_188,102.93,not_affordable,not_recommended,none,,none,EUR 1485.30 available; protect 900 minimum. Safe today: 102.93. No accepted plan completes the request by 2025-03-04 while preserving the minimum for 90 days. Evidence: message_150. Next supported income: 1386 on 2025-02-15.
request_189,488.4,affordable_now,full_payment,2026-07-04:488.40,2026-07-04,none,EUR 1147.66 available; protect 400 minimum. Pay EUR 488.40 via full payment; finish 2026-07-04. Forecast low 474.49 through 2026-10-02. Evidence: message_151. Next supported income: 627 on 2026-07-15.
request_190,478.56,affordable_later,wait,2025-02-15:2557.50,2025-02-15,none,EUR 3155.80 available; protect 1600 minimum. Pay EUR 2557.50 via wait; finish 2025-02-15. Forecast low 1894.66 through 2025-03-06. Next supported income: 2849 on 2024-12-15.
request_191,664.4,affordable_now,full_payment,2025-05-03:664.40,2025-05-03,none,EUR 1591.06 available; protect 500 minimum. Pay EUR 664.40 via full payment; finish 2025-05-03. Forecast low 601.50 through 2025-08-01. Evidence: message_152. Next supported income: 814 on 2025-05-15.
request_192,107.8,not_affordable,not_recommended,none,,none,USD 1384.80 available; protect 1000 minimum. Safe today: 107.8. No accepted plan completes the request by 2026-05-11 while preserving the minimum for 90 days. Next supported income: 813.60 on 2026-04-15.
request_193,33.63,affordable_with_plan,installments,2024-03-21:420.23|2024-04-21:420.23|2024-05-22:420.23,2024-05-15,none,EUR 1310.62 available; protect 1000 minimum. Pay EUR 1260.69 via installments; finish 2024-05-22. Forecast low 1033.63 through 2024-06-05. Evidence: message_153. Next supported income: 1750.32 on 2024-03-15.
request_194,33083.27,affordable_later,wait,2025-10-23:132800,2025-10-23,none,INR 208630 available; protect 113600 minimum. Pay INR 132800 via wait; finish 2025-10-23. Forecast low 146683.27 through 2025-11-02. Evidence: message_154. Next supported income: 137000 on 2025-08-23.
request_195,1002.69,affordable_with_plan,installments,2026-01-09:405.74|2026-02-08:405.74|2026-03-10:405.74,2026-01-15,none,EUR 2011.18 available; protect 700 minimum. Pay EUR 1217.22 via installments; finish 2026-03-10. Forecast low 1064.85 through 2026-04-06. Evidence: message_155. Next supported income: 1222.65 on 2026-01-15.
request_196,762.3,affordable_now,full_payment,2024-06-03:762.30,2024-06-03,none,EUR 1575.65 available; protect 500 minimum. Pay EUR 762.30 via full payment; finish 2024-06-03. Forecast low 664.77 through 2024-09-01. Next supported income: 814 on 2024-06-15.
request_197,50939000,affordable_with_plan,installments,2025-11-19:17658853.33|2025-12-17:17658853.33|2026-01-14:17658853.33,2025-11-05,none,IDR 96081218.26 available; protect 26245900 minimum. Pay IDR 52976559.99 via installments; finish 2026-01-14. Forecast low 27826624.09 through 2026-02-03. Evidence: message_156. Next supported income: 38190000 on 2025-11-15.
request_198,185800,affordable_now,full_payment,2026-07-07:185800,2026-07-07,none,INR 395190 available; protect 124300 minimum. Pay INR 185800 via full payment; finish 2026-07-07. Forecast low 157332.65 through 2026-10-05. Evidence: message_157. Next supported income: 176000 on 2026-07-15.
request_199,23674000,affordable_with_plan,installments,2024-09-07:8206986.67|2024-10-08:8206986.67|2024-11-08:8206986.67,2024-09-04,none,IDR 136691818.94 available; protect 25359500 minimum. Pay IDR 24620960.01 via installments; finish 2024-11-08. Forecast low 34835125.68 through 2024-12-03. Evidence: message_158.
request_200,21717000,affordable_now,full_payment,2025-02-06:21717000,2025-02-06,none,IDR 53886150 available; protect 20114600 minimum. Pay IDR 21717000 via full payment; finish 2025-02-06. Forecast low 24351759.97 through 2025-05-07. Next supported income: 22610000 on 2025-02-15.
request_201,23997000,affordable_now,full_payment,2026-04-03:23997000,2026-04-03,none,IDR 77973400 available; protect 17304500 minimum. Pay IDR 23997000 via full payment; finish 2026-04-03. Forecast low 18980014.97 through 2026-07-02. Evidence: message_160.
request_202,123900,affordable_now,full_payment,2024-12-05:123900,2024-12-05,none,INR 366065 available; protect 147800 minimum. Pay INR 123900 via full payment; finish 2024-12-05. Forecast low 166645.67 through 2025-03-05. Next supported income: 180000 on 2024-12-15.
request_203,861.09,not_affordable,not_recommended,none,,none,EUR 8327.38 available; protect 1400 minimum. Safe today: 861.09. No accepted plan completes the request by 2025-07-08 while preserving the minimum for 90 days.
request_204,572.06,affordable_later,wait,2026-01-15:588.74,2026-01-15,none,EUR 2626.28 available; protect 1300 minimum. Pay EUR 588.74 via wait; finish 2026-01-15. Forecast low 1415.68 through 2026-04-04. Evidence: message_162. Next supported income: 2024 on 2026-01-15.
request_205,10621000,affordable_now,full_payment,2024-03-06:10621000,2024-03-06,none,IDR 31462900 available; protect 13994300 minimum. Pay IDR 10621000 via full payment; finish 2024-03-06. Forecast low 16168885.24 through 2024-06-04. Next supported income: 18240000 on 2024-03-15.
request_206,1404.7,affordable_with_plan,installments,2025-08-03:486.96|2025-08-31:486.96|2025-09-28:486.96,2025-08-03,none,EUR 5231.14 available; protect 900 minimum. Pay EUR 1460.88 via installments; finish 2025-09-28. Forecast low 1223.70 through 2025-11-01.
request_207,4516.76,affordable_later,wait,2026-07-15:11830,2026-07-15,none,ZAR 26729.60 available; protect 13600 minimum. Pay ZAR 11830 via wait; finish 2026-07-15. Forecast low 15402.96 through 2026-10-03. Next supported income: 21120 on 2026-07-15.
request_208,3040802.28,affordable_later,wait,2024-06-15:4413000,2024-06-15,none,IDR 16928800 available; protect 10470700 minimum. Pay IDR 4413000 via wait; finish 2024-06-15. Forecast low 12278719.21 through 2024-09-05. Evidence: message_163. Next supported income: 13870000 on 2024-06-15.
request_209,1660.21,not_affordable,not_recommended,none,,none,ZAR 27025.10 available; protect 18400 minimum. Safe today: 1660.21. No accepted plan completes the request by 2025-11-25 while preserving the minimum for 90 days. Next supported income: 21120 on 2025-11-15.
request_210,826.61,affordable_with_plan,partial_payment,2026-04-06:826.61|2026-04-15:533.41,2026-04-15,none,USD 3525.32 available; protect 2000 minimum. Pay USD 1360.02 via partial payment; finish 2026-04-15. Forecast low 2000 through 2026-07-05. Evidence: message_164. Next supported income: 2916 on 2026-04-15.
request_211,252.02,affordable_later,wait,2024-11-15:1788.60,2024-11-15,none,EUR 2727.89 available; protect 1500 minimum. Pay EUR 1788.60 via wait; finish 2024-11-15. Forecast low 1752.02 through 2024-12-02. Next supported income: 1884.96 on 2024-09-15.
request_212,4092864.87,not_affordable,not_recommended,none,,none,IDR 51923800 available; protect 29579800 minimum. Safe today: 4092864.87. No accepted plan completes the request by 2025-02-28 while preserving the minimum for 90 days. Evidence: message_165. Next supported income: 33440000 on 2025-02-23.
request_213,3362.4,affordable_with_plan,installments,2026-01-21:1165.63|2026-02-20:1165.63|2026-03-22:1165.63,2026-01-07,reduce_to:event_19550:34.80,USD 12051.94 available; protect 2100 minimum. Pay USD 3496.89 via installments; finish 2026-03-22. Forecast low 2217.42 through 2026-04-07. Apply reduce_to:event_19550:34.80. Evidence: message_166.
request_214,41113.72,affordable_with_plan,partial_payment,2024-12-04:41113.72|2024-12-15:28636.28,2024-12-15,none,INR 292180 available; protect 174900 minimum. Pay INR 69750 via partial payment; finish 2024-12-15. Forecast low 174900 through 2025-03-04. Next supported income: 241990.32 on 2024-12-15.
request_215,29986,affordable_with_plan,installments,2025-05-09:10395.15|2025-06-06:10395.15|2025-07-04:10395.15,2025-05-06,none,ZAR 93951.16 available; protect 15700 minimum. Pay ZAR 31185.45 via installments; finish 2025-07-04. Forecast low 16981.82 through 2025-08-04. Evidence: message_168.
request_216,483.1,affordable_later,wait,2026-09-15:3332.40,2026-09-15,none,USD 2966.80 available; protect 1800 minimum. Pay USD 3332.40 via wait; finish 2026-09-15. Forecast low 2283.10 through 2026-10-01. Evidence: message_169. Next supported income: 2424 on 2026-07-15.
request_217,19583.4,affordable_with_plan,installments,2024-03-19:12889.07|2024-04-19:12889.07|2024-05-20:12889.07,2024-05-15,none,ZAR 58401.97 available; protect 26800 minimum. Pay ZAR 38667.21 via installments; finish 2024-05-20. Forecast low 27506.15 through 2024-06-03. Next supported income: 35420 on 2024-03-15.
request_218,24611852.52,affordable_with_plan,installments,2025-08-07:21195893.33|2025-09-04:21195893.33|2025-10-02:21195893.33,2025-09-15,none,IDR 72419614.80 available; protect 34477200 minimum. Pay IDR 63587679.99 via installments; finish 2025-10-02. Forecast low 37893159.19 through 2025-11-05. Next supported income: 48640000 on 2025-08-15.
request_219,711.17,affordable_with_plan,installments,2026-04-07:580.01|2026-05-07:580.01|2026-06-06:580.01,2026-05-15,none,EUR 2815.51 available; protect 1100 minimum. Pay EUR 1740.03 via installments; finish 2026-06-06. Forecast low 1231.16 through 2026-07-03. Evidence: message_170. Next supported income: 1914 on 2026-04-15.
request_220,72.35,not_affordable,not_recommended,none,,none,EUR 1487.32 available; protect 1100 minimum. Safe today: 72.35. No accepted plan completes the request by 2024-07-03 while preserving the minimum for 90 days. Evidence: message_171. Next supported income: 1346.40 on 2024-06-15.
request_221,109800,affordable_now,full_payment,2025-11-03:109800,2025-11-03,none,INR 268305 available; protect 81500 minimum. Pay INR 109800 via full payment; finish 2025-11-03. Forecast low 102788.52 through 2026-02-01. Evidence: message_172. Next supported income: 118000 on 2025-11-15.
request_222,34078,affordable_now,full_payment,2026-01-05:34078,2026-01-05,none,ZAR 118101.70 available; protect 27300 minimum. Pay ZAR 34078 via full payment; finish 2026-01-05. Forecast low 64070.82 through 2026-04-05. Evidence: message_173. Next supported income: 35200 on 2026-01-15.
request_223,898.7,affordable_now,full_payment,2024-09-07:898.70,2024-09-07,none,EUR 2255.51 available; protect 800 minimum. Pay EUR 898.70 via full payment; finish 2024-09-07. Forecast low 997.42 through 2024-12-06. Next supported income: 1309 on 2024-09-15.
request_224,10063394.35,affordable_with_plan,partial_payment,2025-02-04:10063394.35|2025-02-15:263605.65,2025-02-15,none,IDR 49969400 available; protect 22187600 minimum. Pay IDR 10327000 via partial payment; finish 2025-02-15. Forecast low 22187600 through 2025-05-05. Evidence: message_174. Next supported income: 36100000 on 2025-02-15.
request_225,10573358.43,affordable_with_plan,installments,2026-07-20:7647120|2026-08-19:7647120|2026-09-18:7647120,2026-09-15,none,IDR 35791159.60 available; protect 17670700 minimum. Pay IDR 22941360 via installments; finish 2026-09-18. Forecast low 21958089.53 through 2026-10-04. Evidence: message_175. Next supported income: 24890000 on 2026-07-15.
request_226,157000,affordable_now,full_payment,2024-12-03:157000,2024-12-03,none,INR 581180 available; protect 209400 minimum. Pay INR 157000 via full payment; finish 2024-12-03. Forecast low 249379.21 through 2025-03-03. Evidence: message_176. Next supported income: 260000 on 2024-12-15.
request_227,7567.27,not_affordable,not_recommended,none,,none,INR 105655 available; protect 62900 minimum. Safe today: 7567.27. No accepted plan completes the request by 2025-06-20 while preserving the minimum for 90 days. Next supported income: 94000 on 2025-05-15.
request_228,1601201.62,not_affordable,not_recommended,none,,none,IDR 36748550 available; protect 26191200 minimum. Safe today: 1601201.62. No accepted plan completes the request by 2026-04-30 while preserving the minimum for 90 days. Evidence: message_178. Next supported income: 30400000 on 2026-04-15.
request_229,486.25,affordable_with_plan,installments,2024-03-18:529.29|2024-04-18:529.29|2024-05-19:529.29,2024-05-15,none,EUR 1800.52 available; protect 1000 minimum. Pay EUR 1587.87 via installments; finish 2024-05-19. Forecast low 1295.64 through 2024-06-02. Evidence: message_179. Next supported income: 1298 on 2024-03-15.
request_230,3537.6,affordable_now,full_payment,2025-08-06:3537.60,2025-08-06,none,EUR 8676.76 available; protect 2000 minimum. Pay EUR 3537.60 via full payment; finish 2025-08-06. Forecast low 2513.70 through 2025-11-04. Evidence: message_180. Next supported income: 1752.74 on 2025-08-15.
request_231,30710.56,affordable_with_plan,installments,2026-01-06:12378.08|2026-02-05:12378.08|2026-03-07:12378.08,2026-02-15,reduce_to:event_21305:845.90,ZAR 84590.59 available; protect 24300 minimum. Pay ZAR 37134.24 via installments; finish 2026-03-07. Forecast low 31998.02 through 2026-04-03. Apply reduce_to:event_21305:845.90. Next supported income: 44000 on 2026-01-15.
request_232,631.96,affordable_with_plan,wait,2024-08-15:1970.10,,reduce_to:event_21408:50,EUR 4269.40 available; protect 2400 minimum. Pay EUR 1970.10 via wait; finish 2024-08-15. Forecast low 2611.17 through 2024-09-03. Apply reduce_to:event_21408:50. Evidence: message_181. Next supported income: 2772 on 2024-06-15.
request_233,4295939.2,affordable_with_plan,partial_payment,2025-11-07:4295939.20|2025-11-15:1945060.80,2025-11-15,none,IDR 19341300 available; protect 10365700 minimum. Pay IDR 6241000 via partial payment; finish 2025-11-15. Forecast low 10365700 through 2026-02-05. Evidence: message_182. Next supported income: 16910000 on 2025-11-15.
request_234,183.19,affordable_later,wait,2026-09-15:1213.30,2026-09-15,none,EUR 1274.25 available; protect 700 minimum. Pay EUR 1213.30 via wait; finish 2026-09-15. Forecast low 883.19 through 2026-10-02. Evidence: message_183. Next supported income: 913 on 2026-07-15.
request_235,967.2,affordable_now,full_payment,2024-09-06:967.20,2024-09-06,none,USD 2086.28 available; protect 700 minimum. Pay USD 967.20 via full payment; finish 2024-09-06. Forecast low 858.23 through 2024-12-05. Next supported income: 1019.15 on 2024-09-15.
request_236,5830036.96,not_affordable,not_recommended,none,,none,IDR 31173450 available; protect 16768600 minimum. Safe today: 5830036.96. No accepted plan completes the request by 2025-02-23 while preserving the minimum for 90 days. Evidence: message_185. Next supported income: 22420000 on 2025-02-15.
request_237,23826000,affordable_now,full_payment,2026-04-05:23826000,2026-04-05,none,IDR 100824550 available; protect 22431500 minimum. Pay IDR 23826000 via full payment; finish 2026-04-05. Forecast low 26213006.02 through 2026-07-04. Evidence: message_186.
request_238,663.6,affordable_with_plan,installments,2024-12-07:230.05|2025-01-07:230.05|2025-02-07:230.05,2024-12-07,none,USD 1882.07 available; protect 700 minimum. Pay USD 690.15 via installments; finish 2025-02-07. Forecast low 902.36 through 2025-03-07. Evidence: message_187. Next supported income: 565.44 on 2024-12-15.
request_239,642,affordable_now,full_payment,2025-05-04:642,2025-05-04,none,USD 1988.90 available; protect 600 minimum. Pay USD 642 via full payment; finish 2025-05-04. Forecast low 654.44 through 2025-08-02. Next supported income: 1020 on 2025-05-15.
request_240,13746.71,not_affordable,not_recommended,none,,none,INR 92720 available; protect 52800 minimum. Safe today: 13746.71. No accepted plan completes the request by 2026-03-20 while preserving the minimum for 90 days. Evidence: message_188. Next supported income: 62000 on 2026-01-15.
request_241,21052000,affordable_with_plan,installments,2024-03-17:7298026.67|2024-04-17:7298026.67|2024-05-18:7298026.67,2024-03-03,none,IDR 90172322.14 available; protect 19252000 minimum. Pay IDR 21894080.01 via installments; finish 2024-05-18. Forecast low 20888841.91 through 2024-06-01. Evidence: message_189.
request_242,27.28,not_affordable,not_recommended,none,,none,EUR 1037.40 available; protect 600 minimum. Safe today: 27.28. No accepted plan completes the request by 2025-08-25 while preserving the minimum for 90 days. Evidence: message_190. Next supported income: 968 on 2025-08-15.
request_243,17468,affordable_now,full_payment,2026-07-07:17468,2026-07-07,none,ZAR 47470.40 available; protect 19900 minimum. Pay ZAR 17468 via full payment; finish 2026-07-07. Forecast low 22977.57 through 2026-10-05. Next supported income: 23980 on 2026-07-15.
request_244,49918,affordable_now,full_payment,2024-06-04:49918,2024-06-04,none,ZAR 126279.20 available; protect 45900 minimum. Pay ZAR 49918 via full payment; finish 2024-06-04. Forecast low 56843.23 through 2024-09-02. Next supported income: 56760 on 2024-06-15.
request_245,24005.91,affordable_later,wait,2026-01-15:128500,2026-01-15,none,INR 160360 available; protect 94600 minimum. Pay INR 128500 via wait; finish 2026-01-15. Forecast low 112676.84 through 2026-02-04. Evidence: message_191. Next supported income: 139994.40 on 2025-11-15.
request_246,64086,affordable_with_plan,installments,2026-04-03:22216.48|2026-05-03:22216.48|2026-06-02:22216.48,2026-04-03,none,ZAR 201692.06 available; protect 39300 minimum. Pay ZAR 66649.44 via installments; finish 2026-06-02. Forecast low 42281.79 through 2026-07-02. Evidence: message_192.
request_247,1059.3,affordable_now,full_payment,2024-09-05:1059.30,2024-09-05,none,EUR 2819.20 available; protect 1300 minimum. Pay EUR 1059.30 via full payment; finish 2024-09-05. Forecast low 1344.02 through 2024-12-04. Evidence: message_193. Next supported income: 1528.56 on 2024-09-15.
request_248,385.98,not_affordable,not_recommended,none,,none,USD 2807.36 available; protect 1300 minimum. Safe today: 385.98. No accepted plan completes the request by 2025-04-28 while preserving the minimum for 90 days. Evidence: message_194. Next supported income: 928.80 on 2025-02-15.
request_249,161.38,affordable_later,wait,2026-03-15:643.20,2026-03-15,none,USD 942.40 available; protect 600 minimum. Pay USD 643.20 via wait; finish 2026-03-15. Forecast low 761.38 through 2026-04-04. Evidence: message_195. Next supported income: 702 on 2026-01-15.
request_250,15440.17,not_affordable,not_recommended,none,,none,ZAR 64120 available; protect 35300 minimum. Safe today: 15440.17. No accepted plan completes the request by 2025-01-18 while preserving the minimum for 90 days. Evidence: message_196. Next supported income: 53680 on 2024-12-15.
request_251,436.55,not_affordable,not_recommended,none,,none,EUR 4648.55 available; protect 1300 minimum. Safe today: 436.55. No accepted plan completes the request by 2025-06-06 while preserving the minimum for 90 days.
request_252,4757293.95,affordable_later,wait,2026-08-15:28082000,2026-08-15,none,IDR 25250700 available; protect 15152200 minimum. Pay IDR 28082000 via wait; finish 2026-08-15. Forecast low 15988595.39 through 2026-10-03. Evidence: message_197. Next supported income: 19760000 on 2026-07-15.
request_253,1370.82,affordable_with_plan,installments,2024-03-21:984.60|2024-04-21:984.60|2024-05-22:984.60,2024-05-15,none,EUR 4635.57 available; protect 2300 minimum. Pay EUR 2953.80 via installments; finish 2024-05-22. Forecast low 2421.36 through 2024-06-05. Evidence: message_198. Next supported income: 2860 on 2024-03-15.
request_254,637.23,affordable_later,wait,2025-10-15:3535.20,2025-10-15,none,USD 4259.60 available; protect 2500 minimum. Pay USD 3535.20 via wait; finish 2025-10-15. Forecast low 3137.23 through 2025-11-02. Next supported income: 2808 on 2025-08-15.
request_255,3283420.22,not_affordable,not_recommended,none,,none,IDR 38518150 available; protect 9813900 minimum. Safe today: 3283420.22. No accepted plan completes the request by 2026-06-15 while preserving the minimum for 90 days.
request_256,152799.25,affordable_with_plan,installments,2024-06-10:75816|2024-07-11:75816|2024-08-11:75816,2024-07-15,none,INR 394983.28 available; protect 168600 minimum. Pay INR 227448 via installments; finish 2024-08-11. Forecast low 185548.90 through 2024-09-01. Evidence: message_200. Next supported income: 214000 on 2024-06-15.
request_257,317.96,affordable_later,wait,2026-01-15:1352.40,2026-01-15,none,USD 2685.20 available; protect 1600 minimum. Pay USD 1352.40 via wait; finish 2026-01-15. Forecast low 1640.55 through 2026-02-03. Next supported income: 1954.37 on 2025-11-15.
request_258,1113.6,affordable_now,full_payment,2026-01-07:1113.60,2026-01-07,none,USD 2603.68 available; protect 500 minimum. Pay USD 1113.60 via full payment; finish 2026-01-07. Forecast low 1025.16 through 2026-04-07. Next supported income: 572.88 on 2026-01-15.
request_259,211.88,affordable_later,wait,2024-11-15:935,2024-11-15,none,EUR 1269.30 available; protect 600 minimum. Pay EUR 935 via wait; finish 2024-11-15. Forecast low 811.88 through 2024-12-03. Evidence: message_201. Next supported income: 792 on 2024-09-15.
request_260,6375023.47,not_affordable,not_recommended,none,,none,IDR 35787100 available; protect 20727700 minimum. Safe today: 6375023.47. No accepted plan completes the request by 2025-04-18 while preserving the minimum for 90 days. Next supported income: 29259993.84 on 2025-02-15.
request_261,1830.4,affordable_now,full_payment,2026-07-03:1830.40,2026-07-03,none,EUR 4718.96 available; protect 1500 minimum. Pay EUR 1830.40 via full payment; finish 2026-07-03. Forecast low 1777.84 through 2026-10-01. Next supported income: 2684 on 2026-07-15.
request_262,9236000,affordable_now,full_payment,2024-12-05:9236000,2024-12-05,none,IDR 88406100 available; protect 31018500 minimum. Pay IDR 9236000 via full payment; finish 2024-12-05. Forecast low 31545540.77 through 2025-03-05. Evidence: message_203. Next supported income: 29921200 on 2024-12-15.
request_263,6717.1,not_affordable,not_recommended,none,,none,ZAR 38818 available; protect 24100 minimum. Safe today: 6717.1. No accepted plan completes the request by 2025-06-15 while preserving the minimum for 90 days. Evidence: message_204. Next supported income: 29700 on 2025-05-15.
request_264,23492.16,affordable_later,wait,2026-06-15:111300,2026-06-15,none,INR 104375 available; protect 59500 minimum. Pay INR 111300 via wait; finish 2026-06-15. Forecast low 82992.16 through 2026-07-03. Evidence: message_205. Next supported income: 88000 on 2026-04-15.
request_265,40192.37,affordable_with_plan,full_payment,2024-03-06:45970,,stop:event_24384,INR 786105 available; protect 189700 minimum. Pay INR 45970 via full payment; finish 2024-03-06. Forecast low 194542.37 through 2024-06-04. Apply stop:event_24384. Evidence: message_206.
request_266,770.25,affordable_with_plan,installments,2025-08-03:324.13|2025-08-31:324.13|2025-09-28:324.13,2025-09-15,none,EUR 2354.92 available; protect 900 minimum. Pay EUR 972.39 via installments; finish 2025-09-28. Forecast low 927.41 through 2025-11-01. Evidence: message_207. Next supported income: 968 on 2025-08-15.
request_267,1689.86,affordable_with_plan,installments,2026-01-08:667.33|2026-02-07:667.33|2026-03-09:667.33,2026-01-15,none,EUR 3648.98 available; protect 1500 minimum. Pay EUR 2001.99 via installments; finish 2026-03-09. Forecast low 1965.87 through 2026-04-05. Next supported income: 1821.60 on 2026-01-15.
request_268,1041.5,affordable_with_plan,installments,2024-06-14:841.22|2024-07-15:841.22|2024-08-15:841.22,2024-07-15,none,EUR 2912.52 available; protect 1400 minimum. Pay EUR 2523.66 via installments; finish 2024-08-15. Forecast low 1600.28 through 2024-09-05. Next supported income: 2288 on 2024-06-15.
request_269,9921.58,affordable_later,wait,2025-12-15:15490,2025-12-15,none,ZAR 45307.90 available; protect 23100 minimum. Pay ZAR 15490 via wait; finish 2025-12-15. Forecast low 28364.11 through 2026-02-02. Evidence: message_210. Next supported income: 38280 on 2025-11-15.
request_270,96.77,not_affordable,not_recommended,none,,none,USD 1935.40 available; protect 1400 minimum. Safe today: 96.77. No accepted plan completes the request by 2026-08-30 while preserving the minimum for 90 days. Next supported income: 1071.36 on 2026-07-15.
request_271,13812.38,affordable_later,wait,2024-11-15:91300,2024-11-15,none,INR 142960 available; protect 58200 minimum. Pay INR 91300 via wait; finish 2024-11-15. Forecast low 72012.38 through 2024-12-02. Evidence: message_211. Next supported income: 103000 on 2024-09-15.
request_272,5415269.1,affordable_with_plan,installments,2025-02-12:4709466.67|2025-03-12:4709466.67|2025-04-09:4709466.67,2025-03-15,none,IDR 16324524 available; protect 7508600 minimum. Pay IDR 14128400.01 via installments; finish 2025-04-09. Forecast low 8214402.43 through 2025-05-06. Next supported income: 11780000 on 2025-02-15.
request_273,9628167.38,affordable_with_plan,partial_payment,2026-04-07:9628167.38|2026-04-15:6232832.62,2026-04-15,none,IDR 32146800 available; protect 18774600 minimum. Pay IDR 15861000 via partial payment; finish 2026-04-15. Forecast low 18774600 through 2026-07-06. Next supported income: 34010000 on 2026-04-15.
request_274,2300.54,affordable_with_plan,installments,2024-12-04:940.75|2025-01-04:940.75|2025-02-04:940.75,2024-12-15,none,EUR 4847.31 available; protect 1800 minimum. Pay EUR 2822.25 via installments; finish 2025-02-04. Forecast low 2627.03 through 2025-03-04. Next supported income: 2484 on 2024-12-15.
request_275,15884000,affordable_now,full_payment,2025-05-06:15884000,2025-05-06,none,IDR 37206450 available; protect 12760100 minimum. Pay IDR 15884000 via full payment; finish 2025-05-06. Forecast low 14380920.76 through 2025-08-04. Evidence: message_215. Next supported income: 18050000 on 2025-05-15.
